holiday,year_epidemic,holiday_count,holiday_delay_count,delay_rate,date
New Year's Day,before_epidemic,37201,6544,0.17590924975135078,2017-01-01
New Year's Day,after_epidemic,34095,5154,0.1511658600967884,2017-01-01
Martin Luther King Jr. Day,after_epidemic,43162,4501,0.10428154395069737,2017-01-16
Martin Luther King Jr. Day,before_epidemic,39997,7515,0.18788909168187615,2017-01-16
Washington's Birthday,before_epidemic,40011,7921,0.19797055809652345,2017-02-20
Washington's Birthday,after_epidemic,42388,6505,0.15346324431442862,2017-02-20
Memorial Day,after_epidemic,36902,3758,0.10183729879139342,2017-05-29
Memorial Day,before_epidemic,42858,5026,0.11727098791357506,2017-05-29
Independence Day,after_epidemic,38835,3414,0.08791039011201236,2017-07-04
Independence Day,before_epidemic,38493,3684,0.09570571272698933,2017-07-04
Labor Day,before_epidemic,46047,5592,0.12144113623037331,2017-09-04
Labor Day,after_epidemic,43879,4599,0.10481095740559265,2017-09-04
Thanksgiving,after_epidemic,28306,2563,0.09054617395605172,2017-11-23
Thanksgiving,before_epidemic,31938,2834,0.08873442294445488,2017-11-23
Christmas Day,before_epidemic,39379,3751,0.09525381548541101,2017-12-25
Christmas Day,after_epidemic,20691,2630,0.12710840462036635,2017-12-25
New Year's Day,after_epidemic,34095,5154,0.1511658600967884,2018-01-01
New Year's Day,before_epidemic,37201,6544,0.17590924975135078,2018-01-01
Martin Luther King Jr. Day,before_epidemic,39997,7515,0.18788909168187615,2018-01-15
Martin Luther King Jr. Day,after_epidemic,43162,4501,0.10428154395069737,2018-01-15
Washington's Birthday,before_epidemic,40011,7921,0.19797055809652345,2018-02-19
Washington's Birthday,after_epidemic,42388,6505,0.15346324431442862,2018-02-19
Memorial Day,after_epidemic,36902,3758,0.10183729879139342,2018-05-28
Memorial Day,before_epidemic,42858,5026,0.11727098791357506,2018-05-28
Independence Day,before_epidemic,38493,3684,0.09570571272698933,2018-07-04
Independence Day,after_epidemic,38835,3414,0.08791039011201236,2018-07-04
Labor Day,after_epidemic,43879,4599,0.10481095740559265,2018-09-03
Labor Day,before_epidemic,46047,5592,0.12144113623037331,2018-09-03
Thanksgiving,after_epidemic,28306,2563,0.09054617395605172,2018-11-22
Thanksgiving,before_epidemic,31938,2834,0.08873442294445488,2018-11-22
Christmas Day,after_epidemic,20691,2630,0.12710840462036635,2018-12-25
Christmas Day,before_epidemic,39379,3751,0.09525381548541101,2018-12-25
New Year's Day,before_epidemic,37201,6544,0.17590924975135078,2019-01-01
New Year's Day,after_epidemic,34095,5154,0.1511658600967884,2019-01-01
Martin Luther King Jr. Day,before_epidemic,39997,7515,0.18788909168187615,2019-01-21
Martin Luther King Jr. Day,after_epidemic,43162,4501,0.10428154395069737,2019-01-21
Washington's Birthday,after_epidemic,42388,6505,0.15346324431442862,2019-02-18
Washington's Birthday,before_epidemic,40011,7921,0.19797055809652345,2019-02-18
Memorial Day,before_epidemic,42858,5026,0.11727098791357506,2019-05-27
Memorial Day,after_epidemic,36902,3758,0.10183729879139342,2019-05-27
Independence Day,before_epidemic,38493,3684,0.09570571272698933,2019-07-04
Independence Day,after_epidemic,38835,3414,0.08791039011201236,2019-07-04
Labor Day,after_epidemic,43879,4599,0.10481095740559265,2019-09-02
Labor Day,before_epidemic,46047,5592,0.12144113623037331,2019-09-02
Thanksgiving,before_epidemic,31938,2834,0.08873442294445488,2019-11-28
Thanksgiving,after_epidemic,28306,2563,0.09054617395605172,2019-11-28
Christmas Day,before_epidemic,39379,3751,0.09525381548541101,2019-12-25
Christmas Day,after_epidemic,20691,2630,0.12710840462036635,2019-12-25
New Year's Day,before_epidemic,37201,6544,0.17590924975135078,2020-01-01
New Year's Day,after_epidemic,34095,5154,0.1511658600967884,2020-01-01
Martin Luther King Jr. Day,after_epidemic,43162,4501,0.10428154395069737,2020-01-20
Martin Luther King Jr. Day,before_epidemic,39997,7515,0.18788909168187615,2020-01-20
Washington's Birthday,before_epidemic,40011,7921,0.19797055809652345,2020-02-17
Washington's Birthday,after_epidemic,42388,6505,0.15346324431442862,2020-02-17
Memorial Day,before_epidemic,42858,5026,0.11727098791357506,2020-05-25
Memorial Day,after_epidemic,36902,3758,0.10183729879139342,2020-05-25
Independence Day,after_epidemic,38835,3414,0.08791039011201236,2020-07-04
Independence Day,before_epidemic,38493,3684,0.09570571272698933,2020-07-04
Labor Day,after_epidemic,43879,4599,0.10481095740559265,2020-09-07
Labor Day,before_epidemic,46047,5592,0.12144113623037331,2020-09-07
Thanksgiving,before_epidemic,31938,2834,0.08873442294445488,2020-11-26
Thanksgiving,after_epidemic,28306,2563,0.09054617395605172,2020-11-26
Christmas Day,before_epidemic,39379,3751,0.09525381548541101,2020-12-25
Christmas Day,after_epidemic,20691,2630,0.12710840462036635,2020-12-25
New Year's Day,before_epidemic,37201,6544,0.17590924975135078,2021-01-01
New Year's Day,after_epidemic,34095,5154,0.1511658600967884,2021-01-01
Martin Luther King Jr. Day,before_epidemic,39997,7515,0.18788909168187615,2021-01-18
Martin Luther King Jr. Day,after_epidemic,43162,4501,0.10428154395069737,2021-01-18
Washington's Birthday,after_epidemic,42388,6505,0.15346324431442862,2021-02-15
Washington's Birthday,before_epidemic,40011,7921,0.19797055809652345,2021-02-15
Memorial Day,after_epidemic,36902,3758,0.10183729879139342,2021-05-31
Memorial Day,before_epidemic,42858,5026,0.11727098791357506,2021-05-31
Independence Day,after_epidemic,38835,3414,0.08791039011201236,2021-07-04
Independence Day,before_epidemic,38493,3684,0.09570571272698933,2021-07-04
Labor Day,after_epidemic,43879,4599,0.10481095740559265,2021-09-06
Labor Day,before_epidemic,46047,5592,0.12144113623037331,2021-09-06
Thanksgiving,before_epidemic,31938,2834,0.08873442294445488,2021-11-25
Thanksgiving,after_epidemic,28306,2563,0.09054617395605172,2021-11-25
Christmas Day,after_epidemic,20691,2630,0.12710840462036635,2021-12-25
Christmas Day,before_epidemic,39379,3751,0.09525381548541101,2021-12-25
New Year's Day,before_epidemic,37201,6544,0.17590924975135078,2022-01-01
New Year's Day,after_epidemic,34095,5154,0.1511658600967884,2022-01-01
Martin Luther King Jr. Day,after_epidemic,43162,4501,0.10428154395069737,2022-01-17
Martin Luther King Jr. Day,before_epidemic,39997,7515,0.18788909168187615,2022-01-17
Washington's Birthday,before_epidemic,40011,7921,0.19797055809652345,2022-02-21
Washington's Birthday,after_epidemic,42388,6505,0.15346324431442862,2022-02-21
Memorial Day,after_epidemic,36902,3758,0.10183729879139342,2022-05-30
Memorial Day,before_epidemic,42858,5026,0.11727098791357506,2022-05-30
Independence Day,after_epidemic,38835,3414,0.08791039011201236,2022-07-04
Independence Day,before_epidemic,38493,3684,0.09570571272698933,2022-07-04
Labor Day,after_epidemic,43879,4599,0.10481095740559265,2022-09-05
Labor Day,before_epidemic,46047,5592,0.12144113623037331,2022-09-05
Thanksgiving,after_epidemic,28306,2563,0.09054617395605172,2022-11-24
Thanksgiving,before_epidemic,31938,2834,0.08873442294445488,2022-11-24
Christmas Day,after_epidemic,20691,2630,0.12710840462036635,2022-12-25
Christmas Day,before_epidemic,39379,3751,0.09525381548541101,2022-12-25
